"Municipality","Constituency","Party","Name","Name_hanja","Gender","Date_of_birth","Age","Address","Occupation","Education","Career","Votes","Votes_share","PR_Ranking","MRPR"
"서울특별시 ","종로구","더불어민주당","곽상언","郭相彦","남","1971-11-18",52,"서울특별시 종로구 통일로","변호사","서울대학교 국제경제학과 졸업","(현) 더불어민주당 종로구 지역위원회 지역위원장(현) 법무법인 인강 대표변호사",44713,50.92,NA,"MR"
"서울특별시 ","중구성동구갑","더불어민주당","전현희","全賢姬","여","1964-11-04",59,"서울특별시 성동구 왕십리로8길","정당인","고려대학교 법무대학원 의료법학과 졸업(법학석사)","(전) 국민권익위원회 위원장(전) 제18대ㆍ20대 국회의원",65204,52.61,NA,"MR"
"서울특별시 ","중구성동구을","더불어민주당","박성준","朴省俊","남","1969-04-23",54,"서울특별시 중구 만리재로","국회의원","성균관대학교 대학원 정치외교학과 정치학박사","(현)서울 중구성동구을 국회의원(21대 국회)(현)더불어민주당 대변인",61728,50.81,NA,"MR"
"서울특별시 ","용산구","국민의힘","권영세","權寧世","남","1959-02-24",65,"서울특별시 용산구 장문로9가길","국회의원","미국 하버드대학교 케네디스쿨 졸업(행정학석사, 2000.7.~2001.6.)","(현)서울 용산구 국회의원(전)통일부 장관",66583,51.77,NA,"MR"
"서울특별시 ","광진구갑","더불어민주당","이정헌","李政憲","남","1971-05-05",52,"서울특별시 광진구 천호대로","정당인","서강대학교 영어영문학과 졸업","(전)JTBC 뉴스앵커(전)제20대 대통령선거 더불어민주당 선대위 대변인",54105,52.53,NA,"MR"
"서울특별시 ","광진구을","더불어민주당","고민정","高旼廷","여","1979-08-23",44,"서울특별시 광진구 광나루로56길","국회의원","건국대학교 행정대학원 공공정책학과 석사과정 재학중","(현)제21대 국회의원(현)더불어민주당 최고위원",53362,51.47,NA,"MR"
"서울특별시 ","동대문구갑","더불어민주당","안규백","安圭伯","남","1961-04-29",62,"서울특별시 동대문구 한천로63길","국회의원","성균관대학교 무역대학원 무역학과 석사학위과정 수료","(현)국회의원(서울 동대문구갑)(현)더불어민주당 전략공천관리위원장",53978,52.89,NA,"MR"
"서울특별시 ","동대문구을","더불어민주당","장경태","張耿態","남","1983-10-12",40,"서울특별시 동대문구 장한로28가길","국회의원","성균관대학교 국정전문대학원 행정학과 수료(박사학위 과정)","(현)제21대 동대문구을 국회의원(현)더불어민주당 최고위원",58286,54.62,NA,"MR"
"서울특별시 ","중랑구갑","더불어민주당","서영교","徐瑛敎","여","1964-11-11",59,"서울특별시 중랑구 면목로37길","중랑구(갑)국회의원","이화여자대학교대학원 동아시아학연구 비교정치경제전공 수료(박사학위과정)","(전)국회 행정안전위원회 위원장(현)더불어민주당 최고위원",60881,61.92,NA,"MR"
"서울특별시 ","중랑구을","더불어민주당","박홍근","朴洪根","남","1969-10-08",54,"서울특별시 중랑구 봉화산로","제21대 국회의원","경희대학교 행정대학원 환경행정학과 졸업(행정학석사)","(전)더불어민주당 원내대표(현)국회의원(제19,20,21대)",73600,57.72,NA,"MR"
"서울특별시 ","성북구갑","더불어민주당","김영배","金永培","남","1967-03-08",57,"서울특별시 성북구 삼선교로16길","국회의원","고려대학교 정치외교학과 졸업","(전)민선5기, 6기 성북구청장(전)노무현·문재인대통령 청와대비서관",74707,55.68,NA,"MR"
"서울특별시 ","성북구을","더불어민주당","김남근","金南槿","남","1963-08-26",60,"서울특별시 성북구 숭인로","변호사","고려대학교 대학원 법학과 법학박사","(전)고려대학교 법학전문대학원 겸임교수(전)민주사회를 위한 변호사모임 부회장",68872,56.82,NA,"MR"
"서울특별시 ","강북구갑","더불어민주당","천준호","千俊鎬","남","1971-02-15",53,"서울특별시 강북구 삼각산로","제21대 강북구갑 국회의원","경희대학교 행정대학원 자치행정학과 행정학 석사 졸업","(현)제21대 강북구갑 국회의원(현)더불어민주당 당대표 비서실장",47701,57.23,NA,"MR"
"서울특별시 ","강북구을","더불어민주당","한민수","韓玟洙","남","1969-01-15",55,"서울특별시 송파구 송파대로","정당인","서강대학교 신문방송학과 졸업","(현)더불어민주당 대변인(전)국민일보 정치부장논설위원",44623,52.94,NA,"MR"
"서울특별시 ","도봉구갑","국민의힘","김재섭","金宰燮","남","1987-06-28",36,"서울특별시 도봉구 해등로","정당인","서울대학교 법과대학 법학부 졸업(법학사)","(현) 국민의힘 도봉(갑) 조직위원장(전) 국민의힘 비상대책위원",46374,49.05,NA,"MR"
"서울특별시 ","도봉구을","더불어민주당","오기형","吳奇炯","남","1966-11-25",57,"서울특별시 도봉구 도봉로150길","국회의원","서울대학교 법과대학 공법학과 졸업","(현) 도봉(을) 국회의원(현) 더불어민주당 서울시당 정책위원장",50384,52.83,NA,"MR"
"서울특별시 ","노원구갑","더불어민주당","우원식","禹元植","남","1957-09-18",66,"서울특별시 노원구 공릉로70길","국회의원","연세대학교 공학대학원 환경공학전공 졸업(공학석사)","(전) 더불어민주당 원내대표(현) 홍범도장군기념사업회 이사장",91986,58.99,NA,"MR"
"서울특별시 ","노원구을","더불어민주당","김성환","金星煥","남","1965-10-15",58,"서울특별시 노원구 노원로","국회의원","연세대학교 행정대학원 도시및지방행정전공 졸업(행정학 석사)","(전) 민선5,6기 노원구청장(현) 제21대 국회의원",85721,58.51,NA,"MR"
"서울특별시 ","은평구갑","더불어민주당","박주민","朴柱民","남","1973-11-21",50,"서울특별시 은평구 수색로","국회의원","서울대학교 법과대학 사법학과 졸업","(현)더불어민주당 원내수석부대표(현)더불어민주당 을지키는민생실천위원회 위원장",89379,60.78,NA,"MR"
"서울특별시 ","은평구을","더불어민주당","김우영","金宇榮","남","1969-08-05",54,"서울특별시 은평구 연서로48길","정당인","한국과학기술원(KAIST) 미래전략대학원 프로그램 졸업(경영학석사)","(전)은평구청장(전)서울특별시정무부시장",74211,56.95,NA,"MR"
"서울특별시 ","서대문구갑","더불어민주당","김동아","金東我","남","1987-10-30",36,"서울특별시 서대문구 통일로39가길","변호사","건국대학교 법과대학 법학과 졸업","(현) 더불어민주당 정책위원회 부의장(현) 법률사무소 온길 대표변호사",44890,50.75,NA,"MR"
"서울특별시 ","서대문구을","더불어민주당","김영호","金映豪","남","1967-09-13",56,"서울특별시 서대문구 가재울미래로","국회의원","북경대학교 국제학부 졸업(국제학 학사, 1993.9.~1997.7.)","(현) 더불어민주당 서울특별시당 위원장(현) 국회 교육위원회 간사",57198,57.62,NA,"MR"
"서울특별시 ","마포구갑","국민의힘","조정훈","趙廷訓","남","1972-10-07",51,"서울특별시 마포구 도화길","제21대 국회의원","하버드 대학교 케네디스쿨 행정대학원 국제개발행정학 석사 졸업(2000.9.~2002.6.)","(전)세계은행 15년 재직(현)제21대 국회의원",48342,48.3,NA,"MR"
"서울특별시 ","마포구을","더불어민주당","정청래","鄭淸來","남","1965-04-18",58,"서울특별시 마포구 월드컵북로30길","국회의원","서강대학교 공공정책대학원 북한통일정책학과 졸업(정치학석사)","(전) 제17·19대 국회의원(마포구을선거구)(현) 제21대 국회의원(마포구을선거구)",64715,52.44,NA,"MR"
"서울특별시 ","양천구갑","더불어민주당","황희","黃熙","남","1967-07-28",56,"서울특별시 양천구 목동동로","국회의원","연세대학교 대학원 도시공학과 졸업(공학박사)","(현)국회의원(제20·21대)(전)문화체육관광부 장관",71285,49.78,NA,"MR"
"서울특별시 ","양천구을","더불어민주당","이용선","李庸瑄","남","1958-02-12",66,"서울특별시 양천구 신정로","국회의원","서울대학교 토목공학과 졸업","(현)더불어민주당 국회의원(전)대통령비서실 시민사회수석",67962,57.47,NA,"MR"
"서울특별시 ","강서구갑","더불어민주당","강선우","姜仙祐","여","1978-06-02",45,"서울특별시 강서구 우현로","국회의원","미국 위스콘신주립대 매디슨캠퍼스 인간발달 및 가족학 박사(2006.9~2012.5)","(현)서울 강서갑 국회의원(현)더불어민주당 대변인",64651,58.55,NA,"MR"
"서울특별시 ","강서구을","더불어민주당","진성준","陳聲準","남","1967-04-19",56,"서울특별시 강서구 공항대로39길","국회의원","전북대학교 법학과 졸업","(현)국회의원(전)서울시 정무부시장",63601,54.84,NA,"MR"
"서울특별시 ","강서구병","더불어민주당","한정애","韓貞愛","여","1965-01-08",59,"서울특별시 강서구 화곡로","국회의원","영국 노팅엄대학교 산업공학박사 (1999.9~2003.4)","(현)강서구병 국회의원(전)제19대 환경부 장관",62297,59.13,NA,"MR"
"서울특별시 ","구로구갑","더불어민주당","이인영","李仁榮","남","1964-06-28",59,"서울특별시 구로구 고척로","국회의원","고려대학교 언론대학원 정보통신학과 졸업(언론학 석사)","(전)더불어민주당 원내대표(전)제41대 통일부 장관",80182,55.74,NA,"MR"
"서울특별시 ","구로구을","더불어민주당","윤건영","尹建永","남","1969-09-26",54,"서울특별시 구로구 신도림로","국회의원","국민대학교 일반대학원 무역학과 국제경제전공 경제학 석사","(현)제21대 국회의원(전)문재인정부 청와대 국정기획상황실장",57788,59.86,NA,"MR"
"서울특별시 ","금천구","더불어민주당","최기상","崔基相","남","1969-10-07",54,"서울특별시 금천구 시흥대로","국회의원","서울대학교 경영학과 졸업","(현)금천구 국회의원(전)서울중앙지방법원 부장판사",78587,59.03,NA,"MR"
"서울특별시 ","영등포구갑","더불어민주당","채현일","蔡鉉一","남","1970-07-26",53,"서울특별시 영등포구 당산로4길","정당인","서울대학교 정치학과 졸업","(전)영등포구청장(전)대통령비서실 행정관",73163,54.53,NA,"MR"
"서울특별시 ","영등포구을","더불어민주당","김민석","金民錫","남","1964-05-29",59,"서울특별시 영등포구 여의대방로31길","국회의원","하버드대학교 케네디정치행정대학원 공공행정학석사(1994.9~1995.5)","(현)국회의원(전)더불어민주당 정책위의장",49651,50.18,NA,"MR"
"서울특별시 ","동작구갑","더불어민주당","김병기","金炳基","남","1961-07-10",62,"서울특별시 동작구 알마타길","국회의원","건국대학교 안보ㆍ재난관리학과 국가안보전략전공 박사과정 수료","(전)국가정보원 인사처장(현)제21대 국회의원",63372,50.49,NA,"MR"
"서울특별시 ","동작구을","국민의힘","나경원","羅景垣","여","1963-12-06",60,"서울특별시 동작구 현충로","정당인","서울대학교 대학원 법학과 박사과정 수료","(전)4선 국회의원(제17,18,19,20대)(전)자유한국당 원내대표",62720,54.01,NA,"MR"
"서울특별시 ","관악구갑","더불어민주당","박민규","朴珉奎","남","1973-06-13",50,"서울특별시 관악구 관악로15길","사단법인 관악경제사회연구소 연구소장","서울시립대학교대학원 졸업(행정학박사)","(전)서울대학교 BK조교수(현)더불어민주당 정책위원회 부의장",89778,57.08,NA,"MR"
"서울특별시 ","관악구을","더불어민주당","정태호","鄭泰浩","남","1963-03-20",61,"서울특별시 관악구 신림로29길","국회의원","서울대학교 사회복지학과 졸업","(현)제21대 국회의원(전)문재인대통령 비서실 일자리수석",73771,57.97,NA,"MR"
"서울특별시 ","서초구갑","국민의힘","조은희","趙恩禧","여","1961-05-20",62,"서울특별시 서초구 방배로32길","국회의원","서울대학교 대학원 국어국문학과 졸업 (문학석사)","(현) 서초구갑 국회의원(전) 민선6,7기 서초구청장",74813,68.44,NA,"MR"
"서울특별시 ","서초구을","국민의힘","신동욱","申東旭","남","1967-08-03",56,"서울특별시 서초구 사평대로20길","정당인","서울대학교 보건대학원 보건학과 졸업 (보건학석사)","(전) SBS 워싱턴 특파원(전) TV조선 뉴스9 앵커",77638,57.49,NA,"MR"
"서울특별시 ","강남구갑","국민의힘","서명옥","徐明玉","여","1960-11-26",63,"서울특별시 강남구 압구정로","의사","연세대학교 보건대학원 졸업(보건학 석사)","(전)한국공공조직은행장(전)강남구보건소 소장",60549,64.18,NA,"MR"
"서울특별시 ","강남구을","국민의힘","박수민","朴琇民","남","1967-12-03",56,"서울특별시 강남구 자곡로","AI 스타트업 대표","서울대학교 대학원 경영학과 졸업(경영학 석사)","(전)유럽부흥개발은행(EBRD) 이사 (현)AI 스타트업((주)아이넥스 코퍼레이션) 대표",71633,58.57,NA,"MR"
"서울특별시 ","강남구병","국민의힘","고동진","高東眞","남","1961-03-26",63,"서울특별시 강남구 남부순환로","정당인","성균관대학교 산업공학과 졸업","(전) 삼성전자 대표이사 (현) 국민의힘 선거대책위원회 부위원장",66597,66.28,NA,"MR"
"서울특별시 ","송파구갑","국민의힘","박정훈","朴庭勳","남","1971-02-08",53,"서울특별시 송파구 백제고분로","정당인","뉴욕주립대학교 스토니브룩캠퍼스 기술경영 이학석사(2003.7. ~ 2004.7.)","(전) TV조선 보도본부 시사제작국장(전) '박정훈의 정치다' 앵커",56521,52.24,NA,"MR"
"서울특별시 ","송파구을","국민의힘","배현진","裵賢鎭","여","1983-11-06",40,"서울특별시 송파구 올림픽로","국회의원","북한대학원대학교 북한학과 석사 수료","(현) 제21대 국회의원(전) 국민의힘 최고위원",77531,57.2,NA,"MR"
"서울특별시 ","송파구병","더불어민주당","남인순","南仁順","여","1958-11-05",65,"서울특별시 송파구 오금로","국회의원","성공회대학교 시민사회복지대학원 사회복지학과 졸업(사회복지학석사)","(현) 송파병 국회의원(현) 국회 정치개혁특별위원장",80358,51.04,NA,"MR"
"서울특별시 ","강동구갑","더불어민주당","진선미","陣善美","여","1967-05-14",56,"서울특별시 강동구 고덕로","국회의원","성균관대학교 법학과 졸업","(전)국회 국토교통위원회 위원장(현)제21대 국회의원(강동구갑)",73791,50.12,NA,"MR"
"서울특별시 ","강동구을","더불어민주당","이해식","李海植","남","1963-11-13",60,"서울특별시 강동구 천호대로","국회의원","서울시립대학교 일반대학원 도시행정학과 박사과정 수료","(전)강동구청장(3선)(현)제21대 국회의원(강동구을)",71376,53.55,NA,"MR"
"부산광역시 ","중구영도구","국민의힘","조승환","趙承煥","남","1966-02-17",58,"부산광역시 영도구 태종로","정당인","고려대학교 법학과 졸업","(전) 해양수산부 장관(전) 부산지방해양수산청장",46254,54.82,NA,"MR"
"부산광역시 ","서구동구","국민의힘","곽규택","郭圭澤","남","1971-04-12",52,"부산광역시 서구 송도해변로","법무법인 친구 대표변호사","서울대학교 행정대학원 졸업(행정학 석사)","(전)서울중앙지검 부장검사(현)동아대학교 법학전문대학원 겸임교수",64884,57.95,NA,"MR"
"부산광역시 ","부산진구갑","국민의힘","정성국","鄭聖國","남","1971-04-03",53,"부산광역시 부산진구 성지로35번길","정당인","부산교육대학교 교육대학원 졸업(교육학석사)","(전)한국교원단체총연합회 회장(전)대통령소속 국가교육위원회 위원",56153,52.78,NA,"MR"
"부산광역시 ","부산진구을","국민의힘","이헌승","李憲昇","남","1963-05-11",60,"부산광역시 부산진구 백양대로208번길","부산진구을 국회의원","한국해양대학교 대학원 무역학과 박사과정 수료","(현)제19·20·21대 국회의원(전)국회 국토교통·국방위원회 위원장",53897,53.71,NA,"MR"
"부산광역시 ","동래구","국민의힘","서지영","徐知英","여","1975-02-18",49,"부산광역시 동래구 온천장로65번길","정당인","연세대학교 행정대학원 정책학 석사","(전)청와대 국정기획수석실 행정관(전)국회의장 정무조정비서관(2급상당)",85313,54.26,NA,"MR"
"부산광역시 ","남구","국민의힘","박수영","朴洙瑩","남","1964-01-07",60,"부산광역시 남구 수영로","부산 남구갑 국회의원","하버드대학교 졸업(공공정책학 석사)(1994.09~1996.06)","(전) 경기도 행정1부지사(전) 여의도연구원 원장",84563,54.4,NA,"MR"
"부산광역시 ","북구갑","더불어민주당","전재수","田載秀","남","1971-04-20",52,"부산광역시 북구 백양대로1016번길","제21대 국회의원","동국대학교 대학원 정치학과 졸업","(현) 부산 북구강서구갑 국회의원(전) 청와대 제2부속실장",43548,52.31,NA,"MR"
"부산광역시 ","북구을","국민의힘","박성훈","朴成訓","남","1971-01-18",53,"부산광역시 북구 금곡대로303번길","정당인","하버드대학교 존 피츠제날드 케네디행정대학원 행정학 석사(2009.7~2010.5)","(전) 부산광역시 경제부시장(전) 해양수산부 차관",44886,52.56,NA,"MR"
"부산광역시 ","해운대구갑","국민의힘","주진우","朱晋佑","남","1975-05-25",48,"부산광역시 해운대구 해운대해변로","변호사","서울대학교 법과대학 공법학과 졸업(법학사)","(전)대통령비서실 법률비서관(전)부산지방검찰청 동부지청 부부장검사",68267,53.7,NA,"MR"
"부산광역시 ","해운대구을","국민의힘","김미애","金美愛","여","1969-10-06",54,"부산광역시 해운대구 선수촌로","국회의원","동아대학교 법학부 졸업","(전)부산지방변호사회 수석부회장(현)해운대구을 국회의원",54340,58.33,NA,"MR"
"부산광역시 ","사하구갑","국민의힘","이성권","李成權","남","1968-10-15",55,"부산광역시 사하구 하신번영로","동아대학교 특임교수","와세다대학교 아시아태평양연구대학원 국제관계학 석사과정 졸업(2002.04.~2004.03.)","(전)부산광역시 경제부시장(전)제17대 국회의원",43909,50.39,NA,"MR"
"부산광역시 ","사하구을","국민의힘","조경태","趙慶泰","남","1968-01-10",56,"부산광역시 사하구 다대로","국회의원","부산대학교 대학원 졸업(공학박사)","(현)국회의원(현)제21대 국회 교육위원회 위원",46855,55.62,NA,"MR"
"부산광역시 ","금정구","국민의힘","백종헌","白宗憲","남","1962-12-23",61,"부산광역시 금정구 수림로","국회의원","부산대학교 환경대학원 도시계획학과 졸업","(현) 금정구 국회의원(현) 국민의힘 원내부대표",73237,56.62,NA,"MR"
"부산광역시 ","강서구","국민의힘","김도읍","金度邑","남","1964-07-06",59,"부산광역시 강서구 명지국제6로","국회의원","동아대학교 법과대학 법학과 졸업","(현)국회 법제사법위원회 위원장(전)국민의힘 정책위의장",42108,55.58,NA,"MR"
"부산광역시 ","연제구","국민의힘","김희정","金姬廷","여","1971-04-13",52,"부산광역시 연제구 과정로343번길","정당인","연세대학교 대학원 정치학과 박사과정 수료","(전)제17·19대 국회의원(전)여성가족부 장관",68402,54.41,NA,"MR"
"부산광역시 ","수영구","국민의힘","정연욱","鄭然旭","남","1965-12-22",58,"부산광역시 수영구 수영로725번길","정당인","서울대학교 법과대학 공법학과 졸업","(전)동아일보 정치부장·논설위원(전)채널A 정치부장·쾌도난마 앵커",51092,50.33,NA,"MR"
"부산광역시 ","사상구","국민의힘","김대식","金大植","남","1962-08-11",61,"부산광역시 사상구 사상로","정당인","일본 오타니대학 대학원 문학박사(문학연구과 박사 후기과정, 1995. 4.~2000. 3.)","(전) 경남정보대학교 총장(전) 국민권익위원회 부위원장",62975,52.63,NA,"MR"
"부산광역시 ","기장군","국민의힘","정동만","鄭東萬","남","1965-07-18",58,"부산광역시 기장군 기장읍 차성동로116번길","국회의원","부산대학교 경영대학원 졸업(경영학 석사)","(현)제21대 국회의원(전)제7대 부산광역시의원",49248,52.33,NA,"MR"
"대구광역시 ","중구남구","국민의힘","김기웅","金基雄","남","1961-09-15",62,"대구광역시 남구 봉덕로9길","정치인","서울대학교 대학원 졸업 (전공: 정치학 석사)","(전) 대통령비서실 외교안보수석비서관실 통일비서관(전) 제27대 통일부차관",72380,57.91,NA,"MR"
"대구광역시 ","동구군위군갑","국민의힘","최은석","崔殷碩","남","1967-06-07",56,"대구광역시 동구 동대구로","정당인","서울대학교 대학원 수료 (경영학과 석사과정)","(전) CJ제일제당 대표이사 사장",68563,74.48,NA,"MR"
"대구광역시 ","동구군위군을","국민의힘","강대식","姜大植","남","1959-11-02",64,"대구광역시 동구 금강로16길","국회의원","영남대학교 대학원 경영학과 졸업(경영학 박사)","(현)동구을 국회의원(국민의힘)(전)국민의힘 최고위원",82855,76.13,NA,"MR"
"대구광역시 ","서구","국민의힘","김상훈","金相勲","남","1963-01-25",61,"대구광역시 서구 통학로","국회의원","미국 오리건대학교 행정대학원 졸업(행정학 석사, 2004.08~2006.06)","(현)제21대 국회의원(현)국회 기획재정위원장",64167,72.02,NA,"MR"
"대구광역시 ","북구갑","국민의힘","우재준","禹在埈","남","1988-05-04",35,"대구광역시 북구 동북로","변호사","경북대학교 법학전문대학원 법학과 졸업(법무석사)","(현)대구광역시 감사위원회 위원(현)법무법인 이유 변호사",68742,71.37,NA,"MR"
"대구광역시 ","북구을","국민의힘","김승수","金承洙","남","1965-07-05",58,"대구광역시 북구 학정동로","국회의원","美 노스캐롤라이나주립대 졸업(행정학석사, 2002.08~2004.05)","(현) 대구북구을 국회의원(국민의힘)(전) 대구광역시 행정부시장",87356,67.86,NA,"MR"
"대구광역시 ","수성구갑","국민의힘","주호영","朱豪英","남","1960-12-10",63,"대구광역시 수성구 노변로","국회의원","영남대학교 대학원 법학과 졸업(법학박사)","(현)제21대 국회의원(5선)(전)국민의힘 원내대표",89440,65.63,NA,"MR"
"대구광역시 ","수성구을","국민의힘","이인선","李仁善","여","1959-05-02",64,"대구광역시 수성구 들안로","국회의원","영남대학교 대학원 졸업(이학박사)","(현)제21대 국회의원(전)경상북도 경제부지사",66787,72.84,NA,"MR"
"대구광역시 ","달서구갑","국민의힘","유영하","柳榮夏","남","1962-10-19",61,"대구광역시 달서구 장산남로","변호사","연세대학교 사회과학대학 행정학과 졸업","(전) 박근혜 전 대통령 변호인(전) 국가인권위원회 상임위원(차관급)",60070,71.39,NA,"MR"
"대구광역시 ","달서구을","국민의힘","윤재옥","尹在玉","남","1961-09-10",62,"대구광역시 달서구 한실로","국회의원","동국대학교 대학원 경찰행정학과 박사과정 4학기 수료","(현) 국민의힘 원내대표(현) 국회 운영위원회 위원장",93003,72.47,NA,"MR"
"대구광역시 ","달서구병","국민의힘","권영진","權泳臻","남","1962-12-10",61,"대구광역시 달서구 장기로","계명대학교 석좌교수","고려대학교 대학원 정치외교학과 졸업(정치학박사)","(전) 제33·34대 대구광역시장(전) 제18대 국회의원",49816,67.08,NA,"MR"
"대구광역시 ","달성군","국민의힘","추경호","秋慶鎬","남","1960-07-29",63,"대구광역시 달성군 화원읍 비슬로539길","국회의원","미국 오리건대학교 대학원 졸업(경제학 석사, 1991.9~1993.3)","(전)부총리 겸 기획재정부 장관(현)대구 달성군 국회의원",100544,75.31,NA,"MR"
"인천광역시 ","중구강화군옹진군","국민의힘","배준영","裵俊英","남","1970-10-21",53,"인천광역시 중구 흰바위로","제21대 국회의원","연세대학교 정치외교학과 졸업","(현)제21대 국회의원(중구강화군옹진군)(현)국민의힘 인천시당위원장",78408,54.99,NA,"MR"
"인천광역시 ","동구미추홀구갑","더불어민주당","허종식","許琮植","남","1962-02-08",62,"인천광역시 미추홀구 한나루로550번길","국회의원","인하대학교 국어국문학과 졸업","(전)인천광역시 균형발전정무부시장(현)동구미추홀구갑 국회의원",74618,53.73,NA,"MR"
"인천광역시 ","동구미추홀구을","국민의힘","윤상현","尹相現","남","1962-12-01",61,"인천광역시 미추홀구 용정공원로","국회의원","조지워싱턴대학교 졸업(정치학 박사, 1990.9~1994.5)","(전)서울대학교 국제지역원 초빙조교수(현)동구미추홀구을 국회의원",58730,50.44,NA,"MR"
"인천광역시 ","연수구갑","더불어민주당","박찬대","朴贊大","남","1967-05-10",56,"인천광역시 연수구 비류대로232번길","국회의원","서울대학교 대학원 경영학 석사","(현) 제20·21대 연수구갑 국회의원(현) 더불어민주당 최고위원",58663,52.44,NA,"MR"
"인천광역시 ","연수구을","더불어민주당","정일영","鄭日永","남","1957-08-14",66,"인천광역시 연수구 센트럴로","제21대 국회의원(더불어민주당 인천연수을)","영국 옥스퍼드대 발전경제학 석사(1987.10.~1988.07.)","(현) 제21대 국회의원(더불어민주당 인천연수을)(전) 인천국제공항공사 사장",56667,51.5,NA,"MR"
"인천광역시 ","남동구갑","더불어민주당","맹성규","孟聖奎","남","1962-05-16",61,"인천광역시 남동구 선수촌로","제21대 국회의원","한국항공대학교 대학원 졸업(법학 박사)","(현)제21대 국회의원(남동구갑)(전)국토교통부 제2차관",73764,56.96,NA,"MR"
"인천광역시 ","남동구을","더불어민주당","이훈기","李勳基","남","1965-11-30",58,"인천광역시 남동구 구월로","정당인","인하대학교 정책대학원 언론·홍보학과 석사 졸업","(전)진실화해를위한과거사정리위원회 대외협력담당관(전)OBS경인TV 방송정책국장",76443,54.48,NA,"MR"
"인천광역시 ","부평구갑","더불어민주당","노종면","盧宗勉","남","1967-09-15",56,"인천광역시 부평구 경원대로","더불어민주당 대변인","고려대학교 법과대학 법학과 졸업(법학사)","(현) 더불어민주당 대변인(전) YTN 앵커",76797,55.19,NA,"MR"
"인천광역시 ","부평구을","더불어민주당","박선원","朴善源","남","1963-01-14",61,"인천광역시 부평구 산청로","정당인","영국 워릭대학교 국제정치학 박사(1995.10.~2000.2)","(전) 노무현대통령 통일외교안보전략비서관(전) 문재인정부 국가정보원 제1차장",70896,51.36,NA,"MR"
"인천광역시 ","계양구갑","더불어민주당","유동수","柳東秀","남","1961-09-18",62,"인천광역시 계양구 장제로663번길","국회의원","연세대학교 상경대학 경영학과 졸업","(현)제21대 국회의원(전)제20대 국회의원",45823,58.29,NA,"MR"
"인천광역시 ","계양구을","더불어민주당","이재명","李在明","남","1964-12-22",59,"인천광역시 계양구 형제봉길","정당인","중앙대학교 법과대학 법학과 졸업","(현)더불어민주당 대표(현)제21대 인천계양을 국회의원",48365,54.12,NA,"MR"
"인천광역시 ","서구갑","더불어민주당","김교흥","金敎興","남","1960-08-30",63,"인천광역시 서구 서곶로","정치인","동국대학교 대학원 정치학과 박사과정 수료(5학기)","(현) 인천서구갑 국회의원(재선)(전) 제30대 국회 사무총장(장관급)",63564,57.59,NA,"MR"
"인천광역시 ","서구을","더불어민주당","이용우","李庸宇","남","1974-07-16",49,"인천광역시 서구 청라커낼로","변호사","인하대학교 법학전문대학원 졸업(법무석사)","(전) 직장갑질119 법률스탭(전) 교육부 시민감사관",60423,56.53,NA,"MR"
"인천광역시 ","서구병","더불어민주당","모경종","牟炅鍾","남","1989-08-10",34,"인천광역시 서구 원당대로840번길","정당인","연세대학교 독어독문학과 졸업","(전) 이재명 더불어민주당 당대표비서실 차장(전) 이재명 경기도지사 청년비서관",65033,57.52,NA,"MR"
"광주광역시 ","동구남구갑","더불어민주당","정진욱","丁秦旭","남","1964-10-20",59,"광주광역시 남구 봉선2로","정당인","서울대학교 정치학과 졸업","(전)한국경제신문 기자(현)더불어민주당 당대표 정무특보",82883,88.69,NA,"MR"
"광주광역시 ","동구남구을","더불어민주당","안도걸","安道杰","남","1965-01-23",59,"광주광역시 동구 동계로","안도걸경제연구소 이사장","미국 하버드대학교 공공행정학 졸업(공공행정학 석사)[1995. 05. 31.~1996. 06. 06.]","(전) 기획재정부 2차관(현) 더불어민주당 국가경제자문회의 부의장",64558,70.16,NA,"MR"
"광주광역시 ","서구갑","더불어민주당","조인철","趙寅喆","남","1964-08-19",59,"광주광역시 서구 치평로","조인철 민생예산연구소(이사장)","영국 버밍엄대학교 (정책학 박사, 2007.9~2010.12)","(전)광주광역시 문화경제부시장(전)기획재정부 예산실 총사업비관리과장",56267,68.42,NA,"MR"
"광주광역시 ","서구을","더불어민주당","양부남","楊富男","남","1961-03-23",63,"광주광역시 서구 풍암순환로","변호사","전남대학교 법과대학 법학과 졸업","(전)광주지방검찰청 검사장(현)더불어민주당 법률위원회 공동위원장",58037,71.39,NA,"MR"
"광주광역시 ","북구갑","더불어민주당","정준호","鄭俊鎬","남","1980-05-03",43,"광주광역시 북구 군왕로","변호사","서울대학교 법과대학 법학부 졸업","(전)더불어민주당 광주북구(갑) 지역위원장(전)제20대 더불어민주당 광주북구(갑) 국회의원 후보",86713,83.45,NA,"MR"
"광주광역시 ","북구을","더불어민주당","전진숙","全眞淑","여","1969-02-05",55,"광주광역시 북구 매곡로69번길","정당인","전남대학교 일반대학원 사회학과 수료(석사과정)","(전)대통령비서실행정관(현)더불어민주당 중앙당 부대변인",99993,72.11,NA,"MR"
"광주광역시 ","광산구갑","더불어민주당","박균택","朴均澤","남","1966-06-12",57,"광주광역시 광산구 사암로340번길","법무법인 광산 대표 변호사","서울대학교 법과대학 사법학과 졸업","(현) 더불어민주당 당대표 법률특보(전) 광주고등검찰청 검사장",74102,81.7,NA,"MR"
"광주광역시 ","광산구을","더불어민주당","민형배","閔馨培","남","1961-06-15",62,"광주광역시 광산구 장덕로","국회의원","전남대학교 일반대학원 사회학과 졸업(사회학 박사)","(전) 노무현·문재인 대통령비서실 비서관(전) 광주 광산구청장 (민선 5,6기)",94733,76.09,NA,"MR"
"대전광역시 ","동구","더불어민주당","장철민","張喆敏","남","1983-05-16",40,"대전광역시 동구 동대전로46번길","국회의원","서울대학교 정치학과 졸업","(전)더불어민주당 원내부대표(현)제21대 국회의원",64597,53.32,NA,"MR"
"대전광역시 ","중구","더불어민주당","박용갑","朴龍甲","남","1957-03-17",67,"대전광역시 중구 태평로","정당인","한밭대학교 테크노(현 창업)경영대학원 졸업(경제학 석사)","(전) 민선 5,6,7기 대전광역시 중구청장(전) 대전광역시의회 의원(산업건설위원장)",66509,52.08,NA,"MR"
"대전광역시 ","서구갑","더불어민주당","장종태","張鍾泰","남","1953-02-08",71,"대전광역시 서구 관저남로","정당인","대전대학교 대학원 졸업(행정학 박사)","(전) 대전광역시 서구청장(현) 더불어민주당 중앙당 정책위원회 부의장",71576,52.83,NA,"MR"
"대전광역시 ","서구을","더불어민주당","박범계","朴範界","남","1963-04-27",60,"대전광역시 서구 둔지로","국회의원","연세대학교 법학과 졸업","(현) 제21대 국회의원(전) 제68대 법무부장관",65340,54.58,NA,"MR"
"대전광역시 ","유성구갑","더불어민주당","조승래","趙承來","남","1968-02-21",56,"대전광역시 유성구 도안동로","국회의원","충남대학교 평화안보대학원 졸업(평화안보학석사)","(현)국회의원(제20,21대)(전)더불어민주당 전략기획위원장",60038,56.77,NA,"MR"
"대전광역시 ","유성구을","더불어민주당","황정아","黃靖雅","여","1977-03-07",47,"대전광역시 유성구 봉산로","한국천문연구원 책임연구원","한국과학기술원(KAIST) 졸업(이학박사)","(전) 국가우주위원회 위원(현) 한국과학기술원(KAIST) 겸직교수",61387,59.76,NA,"MR"
"대전광역시 ","대덕구","더불어민주당","박정현","朴貞炫","여","1964-11-04",59,"대전광역시 대덕구 계족산로","정당인","충남대학교 법학과 졸업","(전)민선 7기 대덕구청장(현)더불어민주당 최고위원",49273,50.92,NA,"MR"
"울산광역시 ","중구","국민의힘","박성민","朴聖敏","남","1959-04-19",64,"울산광역시 중구 남외1길","국회의원","울산대학교 정책대학원 졸업(행정학석사)","(현)제21대 국회의원(울산 중구)(전)민선5.6대 울산 중구청장",67601,56.44,NA,"MR"
"울산광역시 ","남구갑","국민의힘","김상욱","金相旭","남","1980-01-01",44,"울산광역시 남구 두왕로","법무법인 더정성 대표변호사","고려대학교 법과대학 법학과 졸업","(현)법무법인 더정성 대표변호사(전)국민의힘 울산광역시당 법률자문위원장",50066,53.86,NA,"MR"
"울산광역시 ","남구을","국민의힘","김기현","金起炫","남","1959-02-21",65,"울산광역시 남구 신선로","국회의원","서울대학교 법과대학 법학과 졸업","(전)국민의힘 당 대표(전)제6대 울산광역시장",44502,56.22,NA,"MR"
"울산광역시 ","동구","더불어민주당","김태선","金台善","남","1979-08-28",44,"울산광역시 동구 봉수로","정당인","한국외국어대학교 대학원 정치외교학과 수료(석사학위 과정)","(전) 대통령 비서실 행정관(전) 울산광역시청 정무수석",38474,45.88,NA,"MR"
"울산광역시 ","북구","진보당","윤종오","尹鍾五","남","1963-08-14",60,"울산광역시 북구 명촌로","정당인","부산대학교 행정대학원 행정학과 졸업(행정학석사/사회복지학전공)","(전)민선4대 북구청장(전)제20대 국회의원",63188,55.12,NA,"MR"
"울산광역시 ","울주군","국민의힘","서범수","徐範洙","남","1963-09-17",60,"울산광역시 울주군 범서읍 대리로","국회의원","서울대학교 농과대학 농경제학과 졸업","(현)울주군 국회의원(전)울산지방경찰청장",67044,53.48,NA,"MR"
"세종특별자치시 ","세종특별자치시갑","새로운미래","김종민","金鐘民","남","1964-05-12",59,"세종특별자치시  다정북로","제21대 국회의원","서울대학교 인문대학 국어국문학과 졸업(문학사)","(현) 새로운미래 공동대표(전) 더불어민주당 최고위원",65599,56.93,NA,"MR"
"세종특별자치시 ","세종특별자치시을","더불어민주당","강준현","康準鉉","남","1964-08-19",59,"세종특별자치시  도움1로","국회의원","충남대학교 대학원 건축공학과 졸업(공학석사)","(현) 제21대 국회의원(세종특별자치시을)(현) 더불어민주당 원내부대표",49621,56.19,NA,"MR"
"경기도 ","수원시갑","더불어민주당","김승원","金勝源","남","1969-07-08",54,"경기도 수원시 장안구 경수대로","국회의원","서울대학교 법과대학 공법학과 졸업","(현)국회의원(전)전주 ㆍ수원지방법원 판사",75562,55.54,NA,"MR"
"경기도 ","수원시을","더불어민주당","백혜련","白惠蓮","여","1967-02-17",57,"경기도 수원시 권선구 금곡로73번길","국회의원","고려대학교 사회학과 졸업","(현)국회의원(20,21대)(전)더불어민주당 최고위원",86677,61.73,NA,"MR"
"경기도 ","수원시병","더불어민주당","김영진","金榮鎭","남","1967-09-10",56,"경기도 수원시 팔달구 일월로18번길","국회의원","중앙대학교 경영학과 졸업","(전) 더불어민주당 사무총장(현) 국회의원",64505,55.41,NA,"MR"
"경기도 ","수원시정","더불어민주당","김준혁","金俊爀","남","1969-03-07",55,"경기도 수원시 영통구 도청로","대학교수","중앙대학교 대학원 사학과 졸업(문학박사)","(현)한신대학교 부교수(현)더불어민주당 전략기획위원회 부위원장",69881,50.86,NA,"MR"
"경기도 ","수원시무","더불어민주당","염태영","廉泰英","남","1960-07-25",63,"경기도 수원시 권선구 세권로","정당인","서울대학교 농과대학 농화학과 졸업","(전)수원시장(전)경기도 경제부지사",87665,59,NA,"MR"
"경기도 ","성남시수정구","더불어민주당","김태년","金太年","남","1965-03-20",59,"경기도 성남시 수정구 모란로","국회의원","경희대학교 행정대학원 졸업(행정학 석사)","(현)제21대 국회의원(4선)(전)더불어민주당 원내대표",80835,58.41,NA,"MR"
"경기도 ","성남시중원구","더불어민주당","이수진","李壽珍","여","1969-05-14",54,"경기도 성남시 중원구 산성대로382번길","제21대 국회의원(비례대표)","연세대학교 행정대학원 졸업(정책학석사)","(현)제21대 국회 환경노동위원회 간사(전)더불어민주당 최고위원",73661,60.11,NA,"MR"
"경기도 ","성남시분당구갑","국민의힘","안철수","安哲秀","남","1962-01-22",62,"경기도 성남시 분당구 대왕판교로606번길","국회의원","서울대학교 대학원 졸업 (의학박사)","(현) 국회의원 (제19·20·21대)(전) 서울대학교 융합과학기술대학원 원장",87315,53.27,NA,"MR"
"경기도 ","성남시분당구을","국민의힘","김은혜","金恩慧","여","1971-01-06",53,"경기도 성남시 분당구 돌마로","정당인","연세대학교 언론홍보대학원 졸업(문학석사)","(전) 대통령비서실 홍보수석비서관(전) 제21대 국회의원(성남시분당구갑)",69259,51.13,NA,"MR"
"경기도 ","의정부시갑","더불어민주당","박지혜","朴智慧","여","1978-10-31",45,"경기도 의정부시 경의로","변호사","서울대학교 대학원 졸업(법학박사)","(현) 더불어민주당 영입인재 1호",59660,54.89,NA,"MR"
"경기도 ","의정부시을","더불어민주당","이재강","李在康","남","1962-07-20",61,"경기도 의정부시 용민로","의정부평화연구소 소장","런던정치경제대학교 정치학과 박사과정 수료(1993.10.1.~2005.9.30.)","(전) 경기도 평화부지사(현) 더불어민주당 기본사회위원회 부위원장",79697,55.27,NA,"MR"
"경기도 ","안양시만안구","더불어민주당","강득구","姜得求","남","1963-05-27",60,"경기도 안양시 만안구 충훈로","국회의원","연세대학교 행정대학원 정치행정리더십전공 석사과정 졸업","(전)경기도 연정부지사(현)국회의원(안양시만안구)",78924,56.85,NA,"MR"
"경기도 ","안양시동안구갑","더불어민주당","민병덕","閔炳德","남","1970-12-20",53,"경기도 안양시 동안구 동편로68번길","국회의원","서울대학교 정치학과 졸업","(현)국회의원(현)더불어민주당 전국소상공인위원회 공동위원장",56891,57.33,NA,"MR"
"경기도 ","안양시동안구을","더불어민주당","이재정","李在汀","여","1974-08-02",49,"경기도 안양시 동안구 경수대로","국회의원","경북대학교 법과대학 사법학과 졸업","(현)제20대, 제21대 재선 국회의원(현)국회 산업통상자원중소벤처기업위원회 위원장",52248,53.86,NA,"MR"
"경기도 ","부천시갑","더불어민주당","서영석","徐暎錫","남","1964-09-16",59,"경기도 부천시 오정구 길주로573번길","국회의원","성균관대학교 약학대학 약학과 졸업","(현) 국회의원(현) 더불어민주당 정책위원회 상임부의장",85815,61.13,NA,"MR"
"경기도 ","부천시을","더불어민주당","김기표","金起杓","남","1972-12-07",51,"경기도 부천시 조마루로","변호사(법무법인(유) 한빛 대표변호사)","서울대학교 법과대학 공법학과 졸업","(전)청와대 민정수석실 비서관(전)대검찰청 검찰연구관",82475,55.9,NA,"MR"
"경기도 ","부천시병","더불어민주당","이건태","李建泰","남","1966-12-21",57,"경기도 부천시 소사구 범안로","변호사","고려대학교 법학과 졸업","(현) 더불어민주당 당대표 특별보좌역(전) 의정부지방검찰청 고양지청장",84886,54.44,NA,"MR"
"경기도 ","광명시갑","더불어민주당","임오경","林五卿","여","1971-12-11",52,"경기도 광명시 시청로","국회의원","한국체육대학교 대학원 졸업(이학박사)","(현)더불어민주당 광명갑 국회의원(현)더불어민주당 원내대변인",47716,58.73,NA,"MR"
"경기도 ","광명시을","더불어민주당","김남희","金南希","여","1978-02-22",46,"경기도 광명시 디지털로","변호사","서울대학교 대학원 법학과 박사과정 수료","(전)참여연대 복지조세팀장(전)서울대학교 법학전문대학원  임상부교수",52455,59.56,NA,"MR"
"경기도 ","평택시갑","더불어민주당","홍기원","洪起元","남","1964-12-13",59,"경기도 평택시 송탄로","국회의원","워싱턴대학교 대학원 졸업 경제학 석사 (1999.9~2001.6)","(현)더불어민주당 평택시갑 국회의원(현)더불어민주당 정책위원회 상임부의장",55550,57.41,NA,"MR"
"경기도 ","평택시을","더불어민주당","이병진","李炳鎭","남","1964-12-08",59,"경기도 평택시 죽백4로","한국외국어대학교 중국연구소 정치외교분과 연구위원","북경대학교 대학원 졸업(법학 박사, 1994.9~1997.7)","(현)더불어민주당 당대표 외교안보특보(전)평택대학교 교수",49998,54.23,NA,"MR"
"경기도 ","평택시병","더불어민주당","김현정","金鉉正","남","1969-06-17",54,"경기도 평택시 용죽2로","정당인","연세대학교 행정대학원 졸업(행정학 석사)","(현)더불어민주당 평택병 지역위원장(현)더불어민주당 당대표 언론특보",55794,52.76,NA,"MR"
"경기도 ","동두천시양주시연천군갑","더불어민주당","정성호","鄭成湖","남","1962-06-02",61,"경기도 양주시 고암길","국회의원","서울대학교 법과대학 사법학과 졸업","(전)국회 예산결산특위 위원장(현)4선 국회의원",82186,60.26,NA,"MR"
"경기도 ","동두천시양주시연천군을","국민의힘","김성원","金成願","남","1973-10-15",50,"경기도 동두천시 동광로","(현)국회의원","고려대학교 대학원 졸업(공학박사)","(현)국회의원(제20·21대)(전)여의도연구원장",42393,53.7,NA,"MR"
"경기도 ","안산시갑","더불어민주당","양문석","梁文錫","남","1966-09-28",57,"경기도 안산시 상록구 반석로","방송인","성균관대학교 대학원 신문방송학과 졸업 (언론학박사)","(현) 공공미디어연구소 이사장(전) 방송통신위원회 상임위원",57050,55.62,NA,"MR"
"경기도 ","안산시을","더불어민주당","김현","金玄","여","1965-10-15",58,"경기도 안산시 상록구 화랑로","정당인","한양대학교 사학과 졸업","(전) 제19대 국회의원(비례대표)(현) 더불어민주당 당대표 언론특보",67547,56.21,NA,"MR"
"경기도 ","안산시병","더불어민주당","박해철","朴海澈","남","1965-09-14",58,"경기도 안산시 단원구 선부광장로","회사원","단국대학교 부동산·건설대학원 졸업(도시계획학석사(도시개발))","(전)한국노총 LH노동조합 위원장(현)더불어민주당 대변인",59317,54.18,NA,"MR"
"경기도 ","고양시갑","더불어민주당","김성회","金城會","남","1972-11-20",51,"경기도 고양시 덕양구 백양로","방송인","고려대학교 지구환경과학과 졸업","(현) 더불어민주당 중앙선거대책위원회 대변인(현) 더불어민주당 헌법개정특별위원회 위원",69617,45.3,NA,"MR"
"경기도 ","고양시을","더불어민주당","한준호","韓俊鎬","남","1974-02-20",50,"경기도 고양시 덕양구 화신로","국회의원","가톨릭대학교 글로벌융합대학원 졸업(한류MBA석사)","(현) 제21대 국회의원(전) MBC 문화방송 아나운서",97402,61.24,NA,"MR"
"경기도 ","고양시병","더불어민주당","이기헌","李奇憲","남","1968-12-23",55,"경기도 고양시 일산동구 백마로","정당인","경희대학교 무역학과 졸업","(전)문재인대통령비서실 민정비서관(전)국가안보실 선임행정관",85134,54.06,NA,"MR"
"경기도 ","고양시정","더불어민주당","김영환","金永煥","남","1971-07-07",52,"경기도 고양시 일산서구 고양대로","정당인","고려대학교 사회학과 졸업","(전)더불어민주당 정책위원회 부의장(현)더불어민주당 고양시정 지역위원장",85660,54.89,NA,"MR"
"경기도 ","의왕시과천시","더불어민주당","이소영","李素永","여","1985-02-10",39,"경기도 의왕시 백운중앙로","국회의원","서울대학교 대학원 석사과정 수료(법학전공)","(현)더불어민주당 국회의원(전)김앤장 법률사무소 변호사",81640,54.37,NA,"MR"
"경기도 ","구리시","더불어민주당","윤호중","尹昊重","남","1963-03-27",61,"경기도 구리시 건원대로","국회의원","서울대학교 철학과 졸업","(현)제21대 구리시 국회의원(전)더불어민주당 원내대표",59331,53.97,NA,"MR"
"경기도 ","남양주시갑","더불어민주당","최민희","崔民熙","여","1960-12-03",63,"경기도 남양주시 화도읍 마석로","정당인","이화여자대학교 인문과학대학 졸업(사학전공)","(전)제19대 국회의원(전)방송위원회 위원장(장관급) 직무대행",58135,51.08,NA,"MR"
"경기도 ","남양주시을","더불어민주당","김병주","金柄周","남","1962-02-07",62,"경기도 남양주시 진접읍 해밀예당3로","비례대표 국회의원","경기대학교 정치전문대학원 졸업(국제정치학박사)","(전)육군대장(한미연합사 부사령관)(현)비례대표 국회의원",75031,56.94,NA,"MR"
"경기도 ","남양주시병","더불어민주당","김용민","金容民","남","1976-06-05",47,"경기도 남양주시 도농로","국회의원","한국과학기술원(KAIST) 대학원 졸업(공학 석사)","(전)더불어민주당 최고위원(현)제21대 국회의원",83387,54.58,NA,"MR"
"경기도 ","오산시","더불어민주당","차지호","車智浩","남","1980-07-18",43,"경기도 오산시 오산로190번길","카이스트 문술미래전략대학원 부교수","존스홉킨스대학교 대학원 국제보건 박사(2011.08.~2017.05.)","(현) 카이스트 문술미래전략대학원 부교수(전) 맨체스터대학교 인도주의학 및 평화학 부교수",67619,59.01,NA,"MR"
"경기도 ","시흥시갑","더불어민주당","문정복","文貞福","여","1967-01-10",57,"경기도 시흥시 은행로","국회의원","이화여자대학교 정책과학대학원 졸업(정치학석사)","(현)국회의원(전)문재인대통령비서실 선임행정관",88676,60.81,NA,"MR"
"경기도 ","시흥시을","더불어민주당","조정식","趙正湜","남","1963-12-25",60,"경기도 시흥시 함송로29번길","국회의원","연세대학교 행정대학원 졸업(행정학석사)","(현)제21대 국회의원(시흥시을)(현)더불어민주당 사무총장",71207,56.53,NA,"MR"
"경기도 ","군포시","더불어민주당","이학영","李學永","남","1952-04-16",71,"경기도 군포시 산본로432번길","국회의원","전남대학교 일반대학원 박사과정 수료(NGO협동과정)","(현)군포시 국회의원(전)국회 산업통상자원중소벤처기업위원회 위원장",89561,56.92,NA,"MR"
"경기도 ","하남시갑","더불어민주당","추미애","秋美愛","여","1958-10-23",65,"경기도 하남시 감일백제로","정당인","한양대학교 법학과 졸업","(전) 더불어민주당 당대표(전) 제67대 법무부 장관",51428,50.58,NA,"MR"
"경기도 ","하남시을","더불어민주당","김용만","金容萬","남","1986-08-14",37,"경기도 하남시 미사강변중앙로","사단법인 대한민국 임시정부기념사업회 이사","조지워싱턴대학교 정치학과 졸업(문학사 정치학 학위,2005.9.~2010.5.)","(전)LIG넥스원 근무(현)더불어민주당 대변인",44734,51.65,NA,"MR"
"경기도 ","용인시갑","더불어민주당","이상식","李相植","남","1966-04-27",57,"경기도 용인시 처인구 명지로16번길","용인대학교 경찰행정학과 객원교수","동국대학교 대학원 경찰행정학과 경찰학전공 졸업(경찰학 박사)","(전)부산경찰청장(전)국무총리비서실 민정실장",71030,50.22,NA,"MR"
"경기도 ","용인시을","더불어민주당","손명수","孫明秀","남","1966-11-09",57,"경기도 용인시 기흥구 기흥역로","서울과학기술대학교 철도전문대학원 교수","서울과학기술대학교 철도전문대학원 철도건설공학과 졸업(공학박사)","(전)국토교통부 차관(현)더불어민주당 총선 영입인재 20호",87739,55.7,NA,"MR"
"경기도 ","용인시병","더불어민주당","부승찬","夫勝粲","남","1970-10-14",53,"경기도 용인시 수지구 신봉2로","정당인","연세대학교 대학원 정치학과 졸업(정치학박사)","(전)국방부 대변인(전)연세대학교 겸임교수",81538,50.26,NA,"MR"
"경기도 ","용인시정","더불어민주당","이언주","李彦周","여","1972-11-08",51,"경기도 용인시 수지구 현암로125번길","변호사","서울대학교 불어불문학과 졸업","(전)S-oil 상무(전)19대, 20대 국회의원",82156,51.06,NA,"MR"
"경기도 ","파주시갑","더불어민주당","윤후덕","尹厚德","남","1957-01-09",67,"경기도 파주시 가온로","국회의원","연세대학교 경제대학원 공공발전전공 졸업(경제학 석사)","(전)국회 기획재정위원회 위원장(현)파주시갑 국회의원",92611,63.43,NA,"MR"
"경기도 ","파주시을","더불어민주당","박정","朴釘","남","1962-11-19",61,"경기도 파주시 월롱면 검바위길","국회의원","서울대학교 대학원 졸업(이학석사)","(전)더불어민주당 경기도당 위원장(현)국회 환경노동위원회 위원장",64741,54.83,NA,"MR"
"경기도 ","이천시","국민의힘","송석준","宋錫俊","남","1964-03-10",60,"경기도 이천시 이섭대천로1419번길","국회의원","미국 미주리대학교 경제학 박사 (2002. 8. ~ 2005. 5.)","(현)국회의원(20, 21대)(전)서울지방국토관리청 청장",60191,51.33,NA,"MR"
"경기도 ","안성시","더불어민주당","윤종군","尹鍾君","남","1972-09-09",51,"경기도 안성시 공도읍 공도로","(재)민주연구원 부원장","경기대학교 대학원 졸업(직업학박사)","(전)문재인 대통령 비서실 행정관(전)이재명 경기도지사 정무수석",52517,50.71,NA,"MR"
"경기도 ","김포시갑","더불어민주당","김주영","金周暎","남","1961-10-15",62,"경기도 김포시 태장로","국회의원","서울과학종합대학원대학교 졸업(경영학박사)","(전) 더불어민주당 최고위원(현) 김포시갑 국회의원",69836,54.27,NA,"MR"
"경기도 ","김포시을","더불어민주당","박상혁","朴商赫","남","1973-03-20",51,"경기도 김포시 김포한강11로","국회의원","한양대학교 법과대학 법학과 졸업","(전) 김포와더불어 박상혁법률사무소 대표변호사(현) 더불어민주당 국회의원",74556,55.52,NA,"MR"
"경기도 ","화성시갑","더불어민주당","송옥주","宋玉珠","여","1965-12-20",58,"경기도 화성시 향남읍 행정중앙2로","국회의원","연세대학교 행정대학원 졸업(행정학 석사)","(현)제21대 국회의원(화성시갑선거구)(전)제21대 국회 환경노동위원회 위원장",75916,55.88,NA,"MR"
"경기도 ","화성시을","개혁신당","이준석","李俊錫","남","1985-03-31",39,"경기도 화성시 동탄오산로","정당인","하버드대학교 Computer Science / Economics AB 졸업 (2003.09.~2007.06.)","(전) 국민의힘 당대표(현) 개혁신당 당대표",51856,42.41,NA,"MR"
"경기도 ","화성시병","더불어민주당","권칠승","權七勝","남","1965-11-18",58,"경기도 화성시 병점2로","국회의원(화성시병)","고려대학교 경제학과 졸업","(현)더불어민주당 수석대변인(전)중소벤처기업부 장관",80110,61.53,NA,"MR"
"경기도 ","화성시정","더불어민주당","전용기","田溶冀","남","1991-10-26",32,"경기도 화성시 동탄순환대로19길","제21대 국회의원(비례대표)","한양대학교 대학원 졸업(경영컨설팅학석사)","(현) 국회의원(비례대표)(전) 더불어민주당 원내부대표",62457,55.72,NA,"MR"
"경기도 ","광주시갑","더불어민주당","소병훈","蘇秉勳","남","1954-06-03",69,"경기도 광주시 회안대로","국회의원","성균관대학교 철학과 졸업","(현)제20대·21대 국회의원(현)국회 농림축산식품해양수산위원회 위원장",58631,56.33,NA,"MR"
"경기도 ","광주시을","더불어민주당","안태준","安泰俊","남","1969-12-03",54,"경기도 광주시 초월읍 경충대로1127번길","정당인","고려대학교 불어불문학과 졸업","(전)GH경기주택도시공사 사장 직무대행(현)더불어민주당 대변인",57935,55.06,NA,"MR"
"경기도 ","포천시가평군","국민의힘","김용태","金龍泰","남","1990-10-21",33,"경기도 포천시 원모루로1길","정당인","고려대 그린스쿨대학원 에너지환경정책학 석사 졸업","(전) 국민의힘 청년최고위원(전) 윤석열 대통령직 인수위원회 자문위원",59192,50.47,NA,"MR"
"경기도 ","여주시양평군","국민의힘","김선교","金善敎","남","1960-09-18",63,"경기도 양평군 옥천면 서촌길","정당인","고려대학교 정책대학원 졸업(경제학석사)","(전) 여주시·양평군 국회의원(전) 양평군수(민선4,5,6기)",74916,53.58,NA,"MR"
"강원특별자치도 ","춘천시철원군화천군양구군갑","더불어민주당","허영","許榮","남","1970-03-29",54,"강원특별자치도 춘천시 방송길","국회의원","고려대학교 정책대학원 석사과정 국제관계학과 수료","(현)춘천시철원군화천군양구군갑 국회의원(전)더불어민주당 강원도당위원장",70273,53.44,NA,"MR"
"강원특별자치도 ","춘천시철원군화천군양구군을","국민의힘","한기호","韓起鎬","남","1952-08-13",71,"강원특별자치도 철원군 갈말읍 군탄로8번길","국회의원","육군사관학교 졸업","(현)국회 국방위원회 위원장(전)국민의힘 사무총장",43935,53.93,NA,"MR"
"강원특별자치도 ","원주시갑","국민의힘","박정하","朴正河","남","1966-09-26",57,"강원특별자치도 원주시 지정면 가곡로","국회의원","고려대학교대학원 석사과정 행정학과 행정이론전공 수료","(현)원주시갑 국회의원(현)국민의힘 수석대변인",52002,50.71,NA,"MR"
"강원특별자치도 ","원주시을","더불어민주당","송기헌","宋基憲","남","1963-10-02",60,"강원특별자치도 원주시 소초면 범골길","국회의원","서울대학교 법과대학 공법학과 졸업","(전)서울지방검찰청 검사(현)국회 법제사법위원회 위원",52920,54.08,NA,"MR"
"강원특별자치도 ","강릉시","국민의힘","권성동","權性東","남","1960-04-29",63,"강원특별자치도 강릉시 화부산로99번길","국회의원","중앙대학교 법과대학 법학과 졸업","(전) 국회 법제사법위원장(전) 국민의힘 원내대표",64743,54.24,NA,"MR"
"강원특별자치도 ","동해시태백시삼척시정선군","국민의힘","이철규","李喆圭","남","1957-09-20",66,"강원특별자치도 동해시 평원로","국회의원","한양대학교 행정대학원 졸업(행정학석사)","(현)국회의원(제20·21대)(현)국민의힘 인재영입위원회 공동위원장",78325,61.22,NA,"MR"
"강원특별자치도 ","속초시인제군고성군양양군","국민의힘","이양수","李亮壽","남","1967-08-15",56,"강원특별자치도 속초시 소평로","국회의원","고려대학교 불어불문학과 졸업","(현) 국회의원(현) 국민의힘 원내수석부대표",54738,55.84,NA,"MR"
"강원특별자치도 ","홍천군횡성군영월군평창군","국민의힘","유상범","劉相凡","남","1966-06-04",57,"강원특별자치도 영월군 영월읍 하송로","국회의원","서울대학교 법과대학 사법학과 졸업","(전)국민의힘 수석대변인(현)홍천군횡성군영월군평창군 국회의원",68226,57.71,NA,"MR"
"충청북도 ","청주시상당구","더불어민주당","이강일","李康一","남","1967-04-30",56,"충청북도 청주시 상당구 용담로","사) 행복가정재단 상임이사","연세대학교 행정대학원 졸업(정책학석사)","(현)더불어민주당 청주상당지역위원장(현)사)민생경제지원단 상임위원장",55602,51.45,NA,"MR"
"충청북도 ","청주시서원구","더불어민주당","이광희","李廣熙","남","1963-10-09",60,"충청북도 청주시 서원구 두꺼비로","정당인","충북대학교 대학원 졸업(농학박사)","(전)제9대 제10대 충청북도의회의원(현)더불어민주당 교육연수원 부원장",54835,52.46,NA,"MR"
"충청북도 ","청주시흥덕구","더불어민주당","이연희","李蓮喜","남","1966-03-05",58,"충청북도 청주시 흥덕구 증안로","민주연구원 상근부원장","중앙대학교 철학과 졸업","(현)더불어민주당 제22대 국회의원선거대책위원회 대변인(현)더불어민주당 충청북도당 공동선거대책위원장",72375,51.76,NA,"MR"
"충청북도 ","청주시청원구","더불어민주당","송재봉","宋在奉","남","1969-09-25",54,"충청북도 청주시 청원구 오창읍 2산단로","정당인","충북대학교 대학원 행정학과 박사과정 수료","(전)더불어민주당 청주시장 후보(전)청와대 대통령비서실 행정관",52620,53.28,NA,"MR"
"충청북도 ","충주시","국민의힘","이종배","李鍾培","남","1957-05-30",66,"충청북도 충주시 봉계1길","국회의원","고려대학교 법과대학 행정학과 졸업","(전) 충주시장(현) 제21대 국회의원",60314,51.11,NA,"MR"
"충청북도 ","제천시단양군","국민의힘","엄태영","嚴泰永","남","1958-01-22",66,"충청북도 제천시 용두대로7길","국회의원","명지대학교 대학원 정치외교학과 박사과정 수료","(전)민선3~4기 제천시장(현)제21대 국회의원",46532,49.43,NA,"MR"
"충청북도 ","보은군옥천군영동군괴산군","국민의힘","박덕흠","朴德欽","남","1953-10-18",70,"충청북도 옥천군 옥천읍 양수로","국회의원","한양대학교 대학원 토목공학과 졸업(공학박사)","(전)대한전문건설협회 중앙회 회장(현)제21대 국회 후반기 정보위원회 위원장",55234,52.93,NA,"MR"
"충청북도 ","증평군진천군음성군","더불어민주당","임호선","林昊宣","남","1964-09-27",59,"충청북도 진천군 초평면 은암길","국회의원","경찰대학 행정학과 졸업(행정학사)","(전) 경찰청 본청 차장(현) 제21대 국회의원",62370,53.95,NA,"MR"
"충청남도 ","천안시갑","더불어민주당","문진석","文振碩","남","1962-02-12",62,"충청남도 천안시 동남구 청당2길","국회의원","서울과학기술대학교 융합과학대학원 에너지환경공학과 박사과정 수료","(현) 제21대 국회의원(전) 더불어민주당 전략기획위원장",64562,50.58,NA,"MR"
"충청남도 ","천안시을","더불어민주당","이재관","李在官","남","1965-03-01",59,"충청남도 천안시 서북구 두정상가4길","정당인","가천대학교 일반대학원 행정학과 지역개발전공(행정학박사)","(전) 대통령비서실 혁신관리비서관실 행정관(전) 더불어민주당 천안시장 후보",58862,55.12,NA,"MR"
"충청남도 ","천안시병","더불어민주당","이정문","李楨文","남","1973-01-05",51,"충청남도 천안시 서북구 시청로","국회의원","한양대학교 법과대학 법학과 졸업","(현) 제21대 국회의원(전) 천안시 고문변호사",53189,55.2,NA,"MR"
"충청남도 ","공주시부여군청양군","더불어민주당","박수현","朴洙賢","남","1964-08-14",59,"충청남도 공주시 무령로","정치인","서울대학교 인문대학 서양사학과(3년) 자퇴제적","(전)제19대 국회의원(전)청와대 대변인",62635,50.66,NA,"MR"
"충청남도 ","보령시서천군","국민의힘","장동혁","張東赫","남","1969-06-02",54,"충청남도 보령시 보령북로","국회의원(보령시서천군선거구)","서울대학교 사범대학 불어교육과 졸업","(현)국민의힘 사무총장(전)부장판사",46505,51.5,NA,"MR"
"충청남도 ","아산시갑","더불어민주당","복기왕","卜箕旺","남","1968-04-10",56,"충청남도 아산시 용화고길","정당인","고려대학교 정책대학원 졸업(행정학석사)","(전)민선 5, 6기 아산시장(전)문재인 대통령비서실 정무비서관",42153,53.79,NA,"MR"
"충청남도 ","아산시을","더불어민주당","강훈식","姜勳植","남","1973-10-24",50,"충청남도 아산시 배방읍 광장로","국회의원","건국대학교 경영정보학과 졸업(경영학사)","(현)국회의원(제20·21대)(전)더불어민주당 충남도당위원장",58932,60.35,NA,"MR"
"충청남도 ","서산시태안군","국민의힘","성일종","成一鍾","남","1963-03-19",61,"충청남도 서산시 석림4로","서산·태안 국회의원","광운대학교 대학원 환경공학과 졸업(공학박사)","(전) 국민의힘 정책위의장(전) 독도사랑운동본부 총재",70487,51.55,NA,"MR"
"충청남도 ","논산시계룡시금산군","더불어민주당","황명선","黃明善","남","1966-09-09",57,"충청남도 논산시 대학로65번길","건양대학교 석좌교수","국민대학교 대학원 졸업(행정학 박사)","(전) 3선 논산시장(전) 더불어민주당 대변인",61146,50.84,NA,"MR"
"충청남도 ","당진시","더불어민주당","어기구","魚基龜","남","1963-01-10",61,"충청남도 당진시 밤절로","국회의원","오스트리아 빈 경제대학교 졸업(사회경제학박사, 2000.05.~2002.02.)","(전)더불어민주당 원내대표단 선임부대표(현)국회의원(제20대.제21대)",46157,51.78,NA,"MR"
"충청남도 ","홍성군예산군","국민의힘","강승규","姜升圭","남","1963-09-20",60,"충청남도 홍성군 홍북읍 신대로","정당인","서강대학교 영상대학원 졸업(광고홍보학 박사)","(전)윤석열대통령비서실 시민사회수석비서관(전)국회의원",57043,54.84,NA,"MR"
"전북특별자치도 ","전주시갑","더불어민주당","김윤덕","金潤德","남","1966-05-23",57,"전북특별자치도 전주시 완산구 서원로","국회의원","전북대학교 회계학과 졸업","(현)제21대 전주시갑국회의원(현)더불어민주당 조직사무부총장",83081,77.59,NA,"MR"
"전북특별자치도 ","전주시을","더불어민주당","이성윤","李盛潤","남","1962-01-06",62,"전북특별자치도 전주시 완산구 새터로","정당인","경희대학교 대학원 졸업(법학석사)","(전)서울중앙지방검찰청 검사장(전)문재인정부 법무부 검찰국장",74038,66.38,NA,"MR"
"전북특별자치도 ","전주시병","더불어민주당","정동영","鄭東泳","남","1953-06-17",70,"전북특별자치도 전주시 덕진구 기린대로","(사)대륙으로 가는 길 이사장","서울대학교 인문대학 국사학과 졸업","(전)31대 통일부장관(전)17대 대선 대통합민주신당 대통령후보",117407,82.08,NA,"MR"
"전북특별자치도 ","군산시김제시부안군갑","더불어민주당","신영대","申榮大","남","1968-01-15",56,"전북특별자치도 군산시 공단대로","국회의원","전북대학교 대학원 경영학과 박사과정 수료","(현)제21대 국회의원(현)더불어민주당 원내부대표",115297,86.73,NA,"MR"
"전북특별자치도 ","군산시김제시부안군을","더불어민주당","이원택","李源澤","남","1970-01-25",54,"전북특별자치도 김제시 도작로","국회의원","전북대학교 화학공업공학과 졸업","(전)전라북도 정무부지사(현)제21대 국회의원",72455,86.63,NA,"MR"
"전북특별자치도 ","익산시갑","더불어민주당","이춘석","李春錫","남","1963-03-07",61,"전북특별자치도 익산시 선화로8길","변호사","원광대학교 대학원 법학과 박사과정 수료","(전)제34대 국회사무처 사무총장(전)18,19,20대 국회의원",58984,77.11,NA,"MR"
"전북특별자치도 ","익산시을","더불어민주당","한병도","韓秉道","남","1967-12-07",56,"전북특별자치도 익산시 고봉로","국회의원","원광대학교 신문방송학과 졸업","(현)제21대 국회의원(현)더불어민주당 전북특별자치도당위원장",65027,87.03,NA,"MR"
"전북특별자치도 ","정읍시고창군","더불어민주당","윤준병","尹準炳","남","1961-03-03",63,"전북특별자치도 정읍시 중앙로","국회의원","서울대학교 독어독문학과 졸업(경제학 부전공)","(전) 서울특별시장 권한대행(현) 제21대 국회의원",79593,86.86,NA,"MR"
"전북특별자치도 ","남원시장수군임실군순창군","더불어민주당","박희승","朴熙承","남","1963-09-28",60,"전북특별자치도 남원시 용성로","변호사","한양대학교 대학원 법학과 석.박사학위통합과정 연구등록 6기 과정 수료","(현) 더불어민주당 남원장수임실순창 지역위원장(전) 수원지방법원 안양지원장",79169,83.83,NA,"MR"
"전북특별자치도 ","완주군진안군무주군","더불어민주당","안호영","安浩永","남","1965-10-11",58,"전북특별자치도 완주군 봉동읍 둔산1로","국회의원","연세대학교 법과대학 법학과 졸업","(현) 제21대 국회의원(전) 더불어민주당 수석대변인",73236,84.23,NA,"MR"
"전라남도 ","목포시","더불어민주당","김원이","金元二","남","1968-11-11",55,"전라남도 목포시 영산로","국회의원","성균관대학교 인문대학 사학과 졸업","(현)더불어민주당 목포시 국회의원(전)서울특별시 정무부시장",82700,71.43,NA,"MR"
"전라남도 ","여수시갑","더불어민주당","주철현","朱哲鉉","남","1959-03-12",65,"전라남도 여수시 여문2로","제21대 국회의원","성균관대학교 법과대학 졸업","국회의원(현)민선6기 여수시장(전)",69092,88.89,NA,"MR"
"전라남도 ","여수시을","더불어민주당","조계원","趙啓垣","남","1966-08-24",57,"전라남도 여수시 웅천남1로","정당인","성균관대학교 신문방송학과 졸업","(현)더불어민주당 중앙당 부대변인(전)이재명 경기도지사 정책수석",51811,68.01,NA,"MR"
"전라남도 ","순천시광양시곡성군구례군갑","더불어민주당","김문수","金文洙","남","1968-10-01",55,"전라남도 순천시 송광면 외장길","정당인","고려대학교 정치외교학과 졸업","(현)더불어민주당 이재명 당대표 특별보좌역(현)더불어민주당 순천시광양시곡성군구례군갑 지역위원장",85172,64.34,NA,"MR"
"전라남도 ","순천시광양시곡성군구례군을","더불어민주당","권향엽","權香葉","여","1968-02-12",56,"전라남도 광양시 다압면 소학정길","정당인","이화여자대학교 대학원 박사학위과정 수료(정치외교학과 한국정치전공)","(전)청와대 균형인사비서관(현)더불어민주당 정책위 부의장",104493,70.09,NA,"MR"
"전라남도 ","나주시화순군","더불어민주당","신정훈","辛正勳","남","1964-12-06",59,"전라남도 나주시 그린로","국회의원","고려대학교 정경대학 신문방송학과 졸업","(현) 나주시화순군 국회의원(현) 더불어민주당 전남도당위원장",74063,71.06,NA,"MR"
"전라남도 ","담양군함평군영광군장성군","더불어민주당","이개호","李介昊","남","1959-06-23",64,"전라남도 담양군 금성면 반디길","국회의원","전남대학교 경영학과 졸업","(전)농림축산식품부 장관(현)제21대 국회의원",61042,56.46,NA,"MR"
"전라남도 ","고흥군보성군장흥군강진군","더불어민주당","문금주","文今柱","남","1967-06-03",56,"전라남도 보성군 보성읍 현충로","정당인","미시간주립대 도시 및 지역계획학과 국제도시계획학석사(MIPS) 졸업(07.8. ~ 08.12)","(전)전라남도 행정부지사(전)행정안전부 공공서비스정책관",95357,90.69,NA,"MR"
"전라남도 ","해남군완도군진도군","더불어민주당","박지원","朴智元","남","1942-06-05",81,"전라남도 해남군 해남읍 북부순환로","정치인","단국대학교 상학과 졸업","(전) 국가정보원 원장(전) 김대중 대통령비서실장",78324,92.35,NA,"MR"
"전라남도 ","영암군무안군신안군","더불어민주당","서삼석","徐參錫","남","1959-08-03",64,"전라남도 무안군 무안읍 창포로","국회의원","전남대학교 일반대학원 졸업(NGO학 박사)","(현)국회의원(제20·21대, 영암군무안군신안군)(현)국회 예산결산특별위원장",73053,69.17,NA,"MR"
"경상북도 ","포항시북구","국민의힘","김정재","金汀才","여","1966-02-15",58,"경상북도 포항시 북구 대안길","국회의원","프랭클린피어스 법과대학원 졸업(J.D. 2001.8 - 2004.5)","(현)제21대 국회의원(포항시북구/국민의힘)(현)제21대 국회 후반기 국토교통위원회 간사",91249,62.33,NA,"MR"
"경상북도 ","포항시남구울릉군","국민의힘","이상휘","李相輝","남","1963-10-06",60,"경상북도 포항시 남구 오천읍 남원로","정치시사 평론가","성균관대학교 대학원 신문방송학과 졸업(언론학박사)","(전)대통령실 춘추관장(전)대통령실 홍보기획비서관",86740,70.03,NA,"MR"
"경상북도 ","경주시","국민의힘","김석기","金碩基","남","1954-08-06",69,"경상북도 경주시 용담로","국회의원","동국대학교 행정대학원 공안행정학과 경찰행정전공 행정학석사","(전) 국민의힘 최고위원(현) 경주시 재선 국회의원",92074,65.77,NA,"MR"
"경상북도 ","김천시","국민의힘","송언석","宋彦錫","남","1963-05-16",60,"경상북도 김천시 평화순환길","국회의원","뉴욕주립대학교 버팔로 경제학 박사(1994.8월~2001.6월)","(전)기획재정부 제2차관(현)제21대 국회의원(재선)",51208,65.78,NA,"MR"
"경상북도 ","안동시예천군","국민의힘","김형동","金亨東","남","1975-03-25",49,"경상북도 안동시 제비원로","제21대 국회의원(안동시예천군)","서울대학교 언론정보학과 졸업","(현) 제21대 국회의원(안동시예천군)(현) 국민의힘 한동훈 비상대책위원장 비서실장",81040,67.47,NA,"MR"
"경상북도 ","구미시갑","국민의힘","구자근","具滋根","남","1967-10-09",56,"경상북도 구미시 낙동강변로","제21대 국회의원","동국대학교 대학원 법학과 졸업(법학석사)","(현)제21대 국회의원(구미시갑)(전)국민의힘 당대표 비서실장",76100,72.58,NA,"MR"
"경상북도 ","구미시을","국민의힘","강명구","姜明求","남","1977-06-07",46,"경상북도 구미시 산동읍 신당인덕1로","정당인","맨체스터대학교 정치학-행정과 공공정책 석사(2008.09~2009.11)","(전)대통령비서실 국정기획비서관(전)대통령비서실 선임행정관",61166,65.29,NA,"MR"
"경상북도 ","영주시영양군봉화군","국민의힘","임종득","林鍾得","남","1964-08-08",59,"경상북도 영주시 대동로","정당인","경남대학교 대학원 정치외교학과 국제정치전공 졸업(정치학박사)","(전) 대통령비서실 국가안보실 제2차장(전) 대통령비서실 외교안보수석실 국방비서관",64325,73.71,NA,"MR"
"경상북도 ","영천시청도군","국민의힘","이만희","李晩熙","남","1963-12-11",60,"경상북도 영천시 고경면 거곡로","국회의원","고려대학교 정책대학원 졸업(행정학 석사)","(현) 국회의원(제20대, 제21대)(전) 국민의힘 사무총장",54987,62.88,NA,"MR"
"경상북도 ","상주시문경시","국민의힘","임이자","林利子","여","1964-03-05",60,"경상북도 상주시 동수4길","국회의원","고려대학교 노동대학원 졸업 법학석사(노동법)","(현)제21대 국회의원(전)제20대 대통령직인수위원회 사회복지문화분과 간사",76583,77.64,NA,"MR"
"경상북도 ","경산시","국민의힘","조지연","趙志娟","여","1987-03-31",37,"경상북도 경산시 하양읍 하양로33길","국민의힘 중앙선거대책위원회 대변인","연세대학교 행정대학원 행정학 석사","(전)윤석열 대통령 국정기획수석실 행정관(전)대통령직 인수위 당선인비서실 팀장",62411,43.43,NA,"MR"
"경상북도 ","의성군청송군영덕군울진군","국민의힘","박형수","朴亨修","남","1965-10-20",58,"경상북도 울진군 평해읍 월송길","정당인(국회의원)","서울대학교 법과대학 사법학과 졸업","(현)제21대 국회의원(전)국민의힘 원내대변인",80495,83.33,NA,"MR"
"경상북도 ","고령군성주군칠곡군","국민의힘","정희용","鄭熙溶","남","1976-10-01",47,"경상북도 칠곡군 왜관읍 군청4길","국회의원","경북대학교 대학원 정치학과 졸업(정치학석사)","(현) 고령군성주군칠곡군 국회의원(현)국민의힘 원내대변인",77692,76.23,NA,"MR"
"경상남도 ","창원시의창구","국민의힘","김종양","金鍾陽","남","1961-10-30",62,"경상남도 창원시 의창구 중동로","정당인","서울대학교 행정대학원 행정학과 졸업","(전)인터폴총재(전)경남경찰청 청장",69210,57.3,NA,"MR"
"경상남도 ","창원시성산구","더불어민주당","허성무","許成武","남","1963-10-29",60,"경상남도 창원시 성산구 동산로","정당인","부산대학교 행정학과 졸업","(전)창원시장(전)청와대(노무현대통령) 비서관",67489,46.38,NA,"MR"
"경상남도 ","창원시마산합포구","국민의힘","최형두","崔炯斗","남","1962-10-23",61,"경상남도 창원시 마산합포구 교방동18길","국회의원","하버드대학교 행정학석사(2001.7~2002.6)","(현)21대 국회의원(현)국민의힘 경남도당위원장",66283,64.04,NA,"MR"
"경상남도 ","창원시마산회원구","국민의힘","윤한홍","尹漢洪","남","1962-11-01",61,"경상남도 창원시 마산회원구 양덕서로","국회의원","서울대학교 행정대학원 행정학과 졸업(행정학 석사)","(전) 경상남도 행정부지사(전) 청와대이전 TF팀장",63778,59.77,NA,"MR"
"경상남도 ","창원시진해구","국민의힘","이종욱","李琮煜","남","1965-03-15",59,"경상남도 창원시 진해구 충장로","정당인","미시간주립대학교 졸업(금융학 석사)(2002.8.~2004.5.)","(전)조달청장(전)기획재정부 기획조정실장",51100,50.24,NA,"MR"
"경상남도 ","진주시갑","국민의힘","박대출","朴大出","남","1961-03-18",63,"경상남도 진주시 석갑로53번길","제21대 국회의원","연세대학교 행정대학원 외교안보전공 석사과정 졸업","(현)제21대 국회의원(진주시갑선거구)(전)국민의힘 정책위원회 의장",66339,58.3,NA,"MR"
"경상남도 ","진주시을","국민의힘","강민국","姜旻局","남","1971-03-03",53,"경상남도 진주시 도동천로","국회의원","경남대학교 대학원 박사과정 졸업(법학박사)","(현)21대 국회의원(진주시을선거구)(전)국민의힘 수석대변인",45590,56.13,NA,"MR"
"경상남도 ","통영시고성군","국민의힘","정점식","鄭点植","남","1965-07-15",58,"경상남도 통영시 광도면 죽림5로","국회의원","서울대학교 법과대학 졸업","(현) 21대 국회의원(현) 국회 법제사법위원회 간사",61251,61.45,NA,"MR"
"경상남도 ","사천시남해군하동군","국민의힘","서천호","徐千浩","남","1961-09-08",62,"경상남도 사천시 죽전안길","정당인","경남대학교 대학원 행정학과 졸업 (행정학 박사)","(전)국가정보원 제2차장(전)부산지방경찰청장",64750,55.58,NA,"MR"
"경상남도 ","김해시갑","더불어민주당","민홍철","閔洪喆","남","1961-04-18",62,"경상남도 김해시 삼계로","정당인","부산대학교 대학원 법학과 졸업(법학석사)","(현)제21대 더불어민주당 국회의원(전)국방부 고등군사법원 법원장(육군준장)",73901,52.47,NA,"MR"
"경상남도 ","김해시을","더불어민주당","김정호","金禎鎬","남","1960-06-18",63,"경상남도 김해시 부곡로","국회의원","부산대학교 경제학과 졸업","(현)더불어민주당 김해시을 국회의원(전)노무현 대통령비서실 기록관리비서관",80695,56.19,NA,"MR"
"경상남도 ","밀양시의령군함안군창녕군","국민의힘","박상웅","朴相雄","남","1960-08-16",63,"경상남도 밀양시 시청서4길","정당인","서울대학교 사범대학 사회교육학과 졸업","(전)제20대 대통령직인수위원회 기획조정분과 자문위원(전)자유한국당 인재영입위원",96450,66.85,NA,"MR"
"경상남도 ","거제시","국민의힘","서일준","徐一俊","남","1965-05-10",58,"경상남도 거제시 중곡로","국회의원","서울시립대학교 일반대학원 행정학과 졸업(행정학박사)","(현)제21대 국회의원(전)제20대 대통령직 인수위원회 행정실장",65590,51.23,NA,"MR"
"경상남도 ","양산시갑","국민의힘","윤영석","尹永碩","남","1964-10-07",59,"경상남도 양산시 물금읍 야리로","국회의원","미국 듀크대학교 대학원(국제발전정책학전공)졸업(문학석사)(2002.07.~2004.06.)","(현)국회의원(제19대,제20대,제21대)(현)국회 첨단전략산업 특별위원회 위원장",53560,53.61,NA,"MR"
"경상남도 ","양산시을","국민의힘","김태호","金台鎬","남","1962-08-21",61,"경상남도 양산시 삼호로","국회의원","서울대학교 대학원 졸업(교육학박사)","(현)제21대 국회의원(전)제32대·제33대 경상남도도지사",50685,51.05,NA,"MR"
"경상남도 ","산청군함양군거창군합천군","국민의힘","신성범","慎聖範","남","1963-06-01",60,"경상남도 거창군 거창읍 동동3길","정치인","서울대학교 사회과학대학 인류학과 졸업","(전)제18대, 제19대 국회의원(전)국회 교육문화체육관광위원회 간사",75582,70.99,NA,"MR"
"제주특별자치도 ","제주시갑","더불어민주당","문대림","文大林","남","1965-11-22",58,"제주특별자치도 제주시 애월읍 하귀9길","정당인","제주대학교 대학원 법학과 졸업(법학석사)","(전)문재인정부 청와대비서관(현)더불어민주당 전략기획위원회 부위원장",78776,62.88,NA,"MR"
"제주특별자치도 ","제주시을","더불어민주당","김한규","金翰奎","남","1974-07-01",49,"제주특별자치도 제주시 중앙로","국회의원","하버드대학교 로스쿨 법학석사(2011.8.~2012.5.)","(현)제주시을 국회의원(전)대통령비서실 정무비서관",78774,64.64,NA,"MR"
"제주특별자치도 ","서귀포시","더불어민주당","위성곤","魏聖坤","남","1968-01-20",56,"제주특별자치도 서귀포시 태평로","국회의원","제주대학교 농과대학 졸업","(현) 국회의원(제20·21대)(전) 제주대학교 총학생회장",53831,54,NA,"MR"
NA,NA,"더불어민주연합","서미화","徐美和","여","1967-11-06",56,"전라남도 목포시 남악1로","정당인","조선대학교 대학원 사회복지학박사","(전)국가인권위원회 비상임위원(전)한국여성장애인연합 전남지부 대표",NA,NA,1,"PR"
NA,NA,"더불어민주연합","위성락","魏聖洛","남","1954-09-14",69,"경기도 양평군 강하면 임실길16번길","정당인","서울대학교 외교학과 졸업","(전)주 러시아대사관 대사(전)한반도평화교섭 본부장",NA,NA,2,"PR"
NA,NA,"더불어민주연합","백승아","白承婀","여","1985-02-25",39,"강원특별자치도 원주시 배울로","정당인","춘천교육대학교 초등교육학과 졸업","(전)강원교사노조위원장(전)교사노조연맹사무처장",NA,NA,3,"PR"
NA,NA,"더불어민주연합","임광현","林光鉉","남","1969-05-12",54,"서울특별시 종로구 평창문화로","세무사","연세대학교 경제학과 졸업","(전)참여정부 청와대 경제정책비서관실 행정관(전)국세청 차장",NA,NA,4,"PR"
NA,NA,"더불어민주연합","정혜경","鄭惠曔","여","1975-10-19",48,"경상남도 창원시 의창구 소봉로7번길","정당인","경상대학교 법학과 졸업","(전)진보당 경남도당 부위원장(전)전국학교비정규직노동조합 경남지부 정치국장",NA,NA,5,"PR"
NA,NA,"더불어민주연합","용혜인","龍慧仁","여","1990-04-12",33,"서울특별시 영등포구 양평로30길","국회의원","경희대학교 정치외교학과 졸업","(현)21대 국회의원(전)기본소득당 상임대표",NA,NA,6,"PR"
NA,NA,"더불어민주연합","오세희","吳世姬","여","1955-12-27",68,"서울특별시 성동구 고산자로2길","더수빈스 대표","한성대학교 예술대학원 의상학석사","(전)소상공인연합회 회장(전)(사)한국메이크업미용사회중앙회회장",NA,NA,7,"PR"
NA,NA,"더불어민주연합","박홍배","朴弘培","남","1972-10-09",51,"서울특별시 양천구 목동서로2길","노동운동가","고려대학교 경영전문대학원 경영학석사","(현)한국노총 전국금융산업노동조합 위원장(전)더불어민주당 전국노동위원회 위원장",NA,NA,8,"PR"
NA,NA,"더불어민주연합","강유정","姜由楨","여","1975-12-15",48,"서울특별시 서초구 신반포로15길","대학 교수","고려대학교 대학원 문학박사","(현)강남대학교 교수(전)한국영화평론가협회 출판이사",NA,NA,9,"PR"
NA,NA,"더불어민주연합","한창민","韓昌旼","남","1973-07-22",50,"대전광역시 동구 동부로73번길","정당인","공주대학교 교육대학원 교육학석사","(전)사회민주당 공동대표(전)노무현재단 경영기획본부장",NA,NA,10,"PR"
NA,NA,"더불어민주연합","전종덕","全鍾德","여","1971-11-29",52,"전라남도 화순군 화순읍 칠충로","간호사","조선대학교 보건대학원 보건학석사","(전)제7대 전라남도의회의원(전)민주노총 사무총장",NA,NA,11,"PR"
NA,NA,"더불어민주연합","김윤","金輪","남","1966-05-24",57,"서울특별시 서초구 서초중앙로","대학교수","서울대학교 대학원 의학박사","(현)서울대학교 의대 교수(전)건강보험심사평가원 심사평가연구소 소장",NA,NA,12,"PR"
NA,NA,"더불어민주연합","임미애","林美愛","여","1966-06-23",57,"경상북도 의성군 의성읍 충효로","농업","이화여자대학교 경제학과 졸업","(전)더불어민주당 경북도당 위원장(전)제8회 지방선거 민주당 경북도지사 후보",NA,NA,13,"PR"
NA,NA,"더불어민주연합","정을호","鄭乙虎","남","1971-01-14",53,"서울특별시 강서구 마곡중앙1로","정당인","중앙대학교 경영학과 졸업","(현)더불어민주연합 사무총장(전)민주당 중앙당 총무조정국장",NA,NA,14,"PR"
NA,NA,"국민의미래","최보윤","崔寶允","여","1978-04-27",45,"서울특별시 서초구 서초중앙로22길","법무법인 대륜 변호사","서울대학교 법과대학 법학과 졸업","(현)한국장애인고용공단 인권경영위원(현)법무부인권정책자문단 자문위원",NA,NA,1,"PR"
NA,NA,"국민의미래","박충권","朴沖綣","남","1986-01-14",38,"충청남도 당진시 대호만로","현대제철 책임연구원","서울대학교 대학원 공학박사","(현)현대제철 연구개발본부 책임연구원(전)국방대학 화학공학과 졸업(2003.4.1. ~ 2007.11.30.)",NA,NA,2,"PR"
NA,NA,"국민의미래","최수진","崔秀珍","여","1968-04-16",55,"경기도 성남시 분당구 정자일로","한국공학대학교 특임교수","경희대학교 대학원 이학박사","(현)한국공학대학교 특임교수(전)OCI(주) 부사장",NA,NA,3,"PR"
NA,NA,"국민의미래","진종오","秦鍾午","남","1979-09-24",44,"경기도 성남시 수정구 위례순환로","정당인","경남대학교 대학원 체육학과 체육학전공(석사)","(전)2024 강원동계청소년올림픽 조직위원장(현)국민체육진흥공단 이사",NA,NA,4,"PR"
NA,NA,"국민의미래","강선영","姜善榮","여","1966-09-24",57,"경기도 고양시 일산동구 노루목로","숙명여자대학교 석좌교수","국방대학교 국방전략학 석사","(전)육군항공작전사령관(육군소장)(현)숙명여자대학교 석좌교수",NA,NA,5,"PR"
NA,NA,"국민의미래","김건","金健","남","1966-10-10",57,"서울특별시 성동구 매봉길","정당인","서울대 정치학과 학사","(전)외교부한반도평화교섭본부장(전)주영국대사",NA,NA,6,"PR"
NA,NA,"국민의미래","김소희","金素熙","여","1973-09-16",50,"서울특별시 종로구 사직로8길","(재)기후변화센터 사무총장","서울대학교 대학원 지역정보전공 박사과정 수료","(현)(재)기후변화센터 사무총장(현)대통령 직속 탄소중립녹색성장위원회 위원",NA,NA,7,"PR"
NA,NA,"국민의미래","인요한","印曜翰","남","1959-12-08",64,"서울특별시 서대문구 연세로","교수","고려대학교 대학원 의학박사","(현)연세대학교 의과대학 교수(전)국민의힘 혁신위원장",NA,NA,8,"PR"
NA,NA,"국민의미래","김민전","金玟甸","여","1965-05-09",58,"서울특별시 성동구 금호로","경희대학교 교수","서울대학교 대학원 정치학석사","(현)대통령 직속 국민통합위원회 정치지역위원회 위원장(현)경희대학교 교수",NA,NA,9,"PR"
NA,NA,"국민의미래","김위상","金渭相","남","1959-11-24",64,"대구광역시 달서구 송현로7길","한국노총대구지역본부 의장","계명대학교 경영대학원 경영학석사","(현)한국노총대구지역본부 의장(현)한국노총 시ㆍ도지역본부의장단협의회장",NA,NA,10,"PR"
NA,NA,"국민의미래","한지아","韓智雅","여","1978-11-01",45,"서울특별시 서초구 서초중앙로","의사","가톨릭대학교 의학박사","(현)을지의과대학 교수(전)WHO 담당관(재활&고령화)",NA,NA,11,"PR"
NA,NA,"국민의미래","유용원","庾龍源","남","1964-03-10",60,"서울특별시 서초구 반포대로","육군본부 정책자문위원","서울대학교 경제학과 졸","(전)조선일보 군사전문기자(현)(사)한국국방안보포럼 기획조정실장",NA,NA,12,"PR"
NA,NA,"국민의미래","조배숙","趙培淑","여","1956-09-10",67,"전북특별자치도 익산시 동서로","변호사","서울대학교 대학원 법학과 졸업(법학석사)","(전)16ㆍ17ㆍ18ㆍ20대 국회의원(전)서울고등법원 판사",NA,NA,13,"PR"
NA,NA,"국민의미래","김장겸","金張謙","남","1961-05-08",62,"서울특별시 영등포구 여의대로6길","회사원","고려대학교 대학원 문학석사","(전)MBC 사장(현)공정언론국민연대 상임고문",NA,NA,14,"PR"
NA,NA,"국민의미래","김예지","金睿智","여","1980-12-13",43,"서울특별시 영등포구 여의대방로61길","국회의원","위스콘신대 매디슨 음악예술박사(2010.9.~2014.5)","(현)국회의원",NA,NA,15,"PR"
NA,NA,"국민의미래","안상훈","安祥薰","남","1969-05-15",54,"서울특별시 강남구 압구정로","서울대학교 교수","스웨덴웁살라대학교 사회학전공 박사학위(1996.12.18~2000.6.6)","(전)대통령실 사회수석(현)서울대학교 교수",NA,NA,16,"PR"
NA,NA,"국민의미래","이달희","李達姬","여","1962-02-09",62,"경상북도 예천군 호명읍 행복로","정당인","경북대학교 대학원 정치학 박사","(전)경상북도 경제부지사(전)여의도연구원 여의도아카데미 소장",NA,NA,17,"PR"
NA,NA,"국민의미래","박준태","朴俊泰","남","1981-02-24",43,"서울특별시 서초구 방배로","크라운랩스(주) 대표이사","고려대학교 법무대학원 법학 석사","(현)크라운랩스(주) 대표이사(전)제20대 대통령직인수위원회 기획위원",NA,NA,18,"PR"
NA,NA,"개혁신당","이주영","李妵鍈","여","1982-03-22",42,"서울특별시 송파구 올림픽로","의사","울산대학교 대학원(의학석사)","(전)순천향대학교 천안병원 임상부교수",NA,NA,1,"PR"
NA,NA,"개혁신당","천하람","千하람","남","1986-07-10",37,"전라남도 순천시 왕지5길","변호사","고려대학교 법학전문대학원 졸업(법학전문석사)","(전)개혁신당창당준비위원장",NA,NA,2,"PR"
NA,NA,"조국혁신당","박은정","朴恩貞","여","1972-01-15",52,"서울특별시 강남구 도곡로57길","정당인","이화여자대학교 법학과 졸업","(전)법무부 감찰담당관(전)수원지방검찰청 성남지청장",NA,NA,1,"PR"
NA,NA,"조국혁신당","조국","曺國","남","1965-04-06",59,"서울특별시 관악구 은천로","정치인","캘리포니아대학교 버클리캠퍼스 졸업 법학박사(1994.09~1997.12)","(전)법무부장관(전)대통령비서실 민정수석비서관",NA,NA,2,"PR"
NA,NA,"조국혁신당","이해민","李海珉","여","1973-07-02",50,"경기도 성남시 분당구 산운로32번길","정당인","서강대학교 대학원 컴퓨터공학과 졸업(공학석사)","(전)구글 시니어 프로덕트 매니저(전)오픈 서베이 최고제품책임자",NA,NA,3,"PR"
NA,NA,"조국혁신당","신장식","申莊植","남","1971-05-25",52,"경기도 고양시 덕양구 꽃내음1길","변호사","충북대학교 법학전문대학원 법학과 졸업 법학전문석사","(전)MBC라디오 신장식의 뉴스하이킥 진행자(현)변호사",NA,NA,4,"PR"
NA,NA,"조국혁신당","김선민","金宣旼","여","1964-05-24",59,"서울특별시 서초구 신반포로","의사","서울대학교 대학원 의학과 졸업(의학박사)","(전)건강보험심사평가원장(전)국가인권위원회 인권연구담당관",NA,NA,5,"PR"
NA,NA,"조국혁신당","김준형","金峻亨","남","1963-03-29",61,"서울특별시 마포구 독막로28길","외교학자","조지워싱턴대학교(철학박사) 1991.9~1997.5","(전)국립외교원장(전)한동대 교수",NA,NA,6,"PR"
NA,NA,"조국혁신당","김재원","金載原","여","1975-08-02",48,"서울특별시 은평구 갈현로","대중가수","고려대학교 대학원 문화콘텐츠학과 문학석사","(현)대중가수(현)바른음원협동조합 이사장",NA,NA,7,"PR"
NA,NA,"조국혁신당","황운하","黃雲夏","남","1962-09-10",61,"대전광역시 중구 계룡로","21대 국회의원","성균관대학교 대학원 법학과 졸업(박사)","(현)21대 국회의원(전)경찰청수사구조개혁단장",NA,NA,8,"PR"
NA,NA,"조국혁신당","정춘생","鄭春生","여","1969-04-25",54,"서울특별시 강서구 양천로67길","정치인","동국대학교 대학원 정치학과 졸업(정치학석사)","(전)문재인 대통령비서실 여성가족비서관(전)더불어민주당 공보국장",NA,NA,9,"PR"
NA,NA,"조국혁신당","차규근","車圭根","남","1968-04-11",56,"서울특별시 서초구 서초중앙로","정당인","서울대학교 대학원 법학과 수료(석사과정)","(전)법무부 출입국외국인 정책본부장(전)법무부 국적난민과장",NA,NA,10,"PR"
NA,NA,"조국혁신당","강경숙","姜景淑","여","1967-05-02",56,"서울특별시 은평구 은평로","교수","이화여자대학교 대학원 특수교육학 박사","(현)원광대학교 중등특수교육과 교수(전)대통령직속 국가교육회의 1기 본회의 위원",NA,NA,11,"PR"
NA,NA,"조국혁신당","서왕진","徐旺鎭","남","1964-11-25",59,"경기도 고양시 덕양구 지정로","교수","미기재","(현)조국혁신당 정책위의장(전)서울연구원장",NA,NA,12,"PR"
